<BackupInst xmlns="http://www.microsoft.com/GroupPolicy/GPOOperations/Manifest"><GPOGuid><![CDATA[{F9CA6C42-3A57-4D81-88BF-6CD8289FD1F5}]]></GPOGuid><GPODomain><![CDATA[security.local]]></GPODomain><GPODomainGuid><![CDATA[{6f0514af-6cc4-48d1-b2ef-2310ad5fc57b}]]></GPODomainGuid><GPODomainController><![CDATA[DC-SEC-01.security.local]]></GPODomainController><BackupTime><![CDATA[2021-10-04T20:52:35]]></BackupTime><ID><![CDATA[{24C80B39-073D-44E0-9CF9-1FC70BC292E2}]]></ID><Comment><![CDATA[]]></Comment><GPODisplayName><![CDATA[MSFT Windows 11 - BitLocker]]></GPODisplayName></BackupInst>
