<BackupInst xmlns="http://www.microsoft.com/GroupPolicy/GPOOperations/Manifest"><GPOGuid><![CDATA[{E9F1D4BF-D7C0-4358-B1CD-6B1F7E1754D3}]]></GPOGuid><GPODomain><![CDATA[security.local]]></GPODomain><GPODomainGuid><![CDATA[{6f0514af-6cc4-48d1-b2ef-2310ad5fc57b}]]></GPODomainGuid><GPODomainController><![CDATA[DC-SEC-01.security.local]]></GPODomainController><BackupTime><![CDATA[2021-10-04T20:52:36]]></BackupTime><ID><![CDATA[{091755B0-6C83-48E7-A77A-E89D0C2EAF27}]]></ID><Comment><![CDATA[]]></Comment><GPODisplayName><![CDATA[MSFT Windows 11 - Domain Security]]></GPODisplayName></BackupInst>
