<BackupInst xmlns="http://www.microsoft.com/GroupPolicy/GPOOperations/Manifest"><GPOGuid><![CDATA[{66D20891-6858-43DF-B3F6-CC7BE11C7EC1}]]></GPOGuid><GPODomain><![CDATA[security.local]]></GPODomain><GPODomainGuid><![CDATA[{6f0514af-6cc4-48d1-b2ef-2310ad5fc57b}]]></GPODomainGuid><GPODomainController><![CDATA[DC-SEC-01.security.local]]></GPODomainController><BackupTime><![CDATA[2025-01-31T01:22:09]]></BackupTime><ID><![CDATA[{BA069D5A-8C6F-434C-8EB0-1E19E07AA976}]]></ID><Comment><![CDATA[]]></Comment><GPODisplayName><![CDATA[MSFT Windows Server 2025 - Member Server]]></GPODisplayName></BackupInst>
